Account,Date,Time,Type,Transaction ID,Receipt Number,Payment Method,Quantity,Description,Currency,Price (Gross),Price (Net),Tax,Tax rate,Transaction refunded
generic.email@example.com,2023-07-07,12:06,Sales,TSQRY7EXN,S202354464139,Mobile,1,Product D,EUR,5.93,5.93,0.0,0%,
generic.email@example.com,2023-07-07,12:19,Sales,THYW8G2EG,S202361464478,Mobile,1,Product B,EUR,4.87,4.87,0.0,0%,
generic.email@example.com,2023-07-07,12:30,Sales,TANZE900C,S202302908562,Card,2,Product A,EUR,1.58,1.58,0.0,0%,
generic.email@example.com,2023-07-07,12:39,Sales,T1PBYWUTB,S202390464817,Cash,3,Product C,EUR,4.35,4.35,0.0,0%,
generic.email@example.com,2023-07-07,13:19,Sales,TQZ9WAHQE,S202384191399,Card,3,Product C,EUR,4.92,4.92,0.0,0%,
generic.email@example.com,2023-07-07,13:55,Sales,TN0KV40WD,S202386955767,Cash,2,Product A,EUR,9.51,9.51,0.0,0%,
generic.email@example.com,2023-07-07,14:46,Sales,TENPKVPYB,S202341664527,Cash,2,Product D,EUR,4.1,4.1,0.0,0%,
generic.email@example.com,2023-07-07,15:34,Sales,T7BAL8TWR,S202336366692,Mobile,1,Product B,EUR,9.93,9.93,0.0,0%,
generic.email@example.com,2023-07-07,16:25,Sales,TBJVVH5IY,S202334354249,Mobile,3,Product A,EUR,8.74,8.74,0.0,0%,
generic.email@example.com,2023-07-07,16:56,Sales,TUBF8VCLT,S202315311567,Card,2,Product D,EUR,0.72,0.72,0.0,0%,
generic.email@example.com,2023-07-07,17:46,Sales,TSZHX3NXY,S202360013359,Card,2,Product A,EUR,4.52,4.52,0.0,0%,
generic.email@example.com,2023-07-07,17:59,Sales,TRGJ6IHWQ,S202333731284,Cash,1,Product A,EUR,6.69,6.69,0.0,0%,
generic.email@example.com,2023-07-07,18:23,Sales,T1BMGSGU7,S202385966135,Mobile,3,Product B,EUR,8.38,8.38,0.0,0%,
generic.email@example.com,2023-07-08,11:33,Sales,TZAPQXNDL,S202328811399,Cash,2,Product A,EUR,6.75,6.75,0.0,0%,
generic.email@example.com,2023-07-08,12:21,Sales,TG4X4XT86,S202361164501,Cash,3,Product D,EUR,3.07,3.07,0.0,0%,
generic.email@example.com,2023-07-08,13:00,Sales,TITKRMAL4,S202396869500,Cash,3,Product B,EUR,9.85,9.85,0.0,0%,
generic.email@example.com,2023-07-08,13:15,Sales,TTQORBRJN,S202391903247,Card,3,Product C,EUR,8.52,8.52,0.0,0%,
generic.email@example.com,2023-07-08,13:37,Sales,TQRJPV61K,S202308777231,Mobile,2,Product D,EUR,7.29,7.29,0.0,0%,
generic.email@example.com,2023-07-08,14:12,Sales,T04XPORR0,S202356672995,Mobile,1,Product A,EUR,9.51,9.51,0.0,0%,
generic.email@example.com,2023-07-08,14:22,Sales,TVHRLVF3F,S202300265113,Mobile,1,Product A,EUR,3.05,3.05,0.0,0%,
generic.email@example.com,2023-07-08,15:27,Sales,TQJZ7XYUQ,S202338185634,Mobile,1,Product A,EUR,6.27,6.27,0.0,0%,
generic.email@example.com,2023-07-08,16:16,Sales,T9W6ED3LV,S202374321606,Mobile,2,Product C,EUR,0.8,0.8,0.0,0%,
generic.email@example.com,2023-07-08,16:30,Sales,TTCFQELLH,S202325663768,Cash,1,Product C,EUR,9.54,9.54,0.0,0%,
generic.email@example.com,2023-07-08,17:32,Sales,T50EMWXQU,S202326927200,Card,3,Product D,EUR,6.23,6.23,0.0,0%,
generic.email@example.com,2023-07-08,17:43,Sales,TSDL688R3,S202361608248,Cash,1,Product B,EUR,3.66,3.66,0.0,0%,
generic.email@example.com,2023-07-08,18:04,Sales,TRS7TWRXV,S202386464320,Cash,3,Product A,EUR,6.02,6.02,0.0,0%,
generic.email@example.com,2023-07-08,18:52,Sales,TG9HEJ7W5,S202331578461,Card,3,Product A,EUR,7.3,7.3,0.0,0%,
generic.email@example.com,2023-07-08,19:05,Sales,TR2OGE8M2,S202384683467,Mobile,3,Product A,EUR,2.31,2.31,0.0,0%,
generic.email@example.com,2023-07-08,19:29,Sales,TW6EHYAI4,S202351927707,Cash,2,Product C,EUR,7.53,7.53,0.0,0%,
generic.email@example.com,2023-07-08,19:47,Sales,TQ6QMLST0,S202339213293,Card,3,Product C,EUR,0.87,0.87,0.0,0%,
generic.email@example.com,2023-07-09,11:39,Sales,TSKZDSMEY,S202323388819,Cash,2,Product B,EUR,1.08,1.08,0.0,0%,
generic.email@example.com,2023-07-09,12:03,Sales,TDGQNN64Y,S202362179924,Cash,3,Product B,EUR,8.01,8.01,0.0,0%,
generic.email@example.com,2023-07-09,12:09,Sales,TV6FG68ZG,S202360161082,Card,3,Product B,EUR,2.82,2.82,0.0,0%,
generic.email@example.com,2023-07-09,12:53,Sales,TS7AZ6KCE,S202369266321,Cash,3,Product B,EUR,1.04,1.04,0.0,0%,
generic.email@example.com,2023-07-09,13:19,Sales,T09T39KAV,S202306191880,Mobile,2,Product B,EUR,8.95,8.95,0.0,0%,
generic.email@example.com,2023-07-09,14:30,Sales,TBW7W5RTY,S202344734490,Mobile,2,Product A,EUR,2.12,2.12,0.0,0%,
generic.email@example.com,2023-07-09,14:34,Sales,TVGGF6JTL,S202377192102,Cash,1,Product A,EUR,7.17,7.17,0.0,0%,
generic.email@example.com,2023-07-09,15:16,Sales,TKZM4VWRS,S202327125363,Card,3,Product B,EUR,1.7,1.7,0.0,0%,
generic.email@example.com,2023-07-09,15:57,Sales,THE770E6K,S202347157972,Card,1,Product A,EUR,4.28,4.28,0.0,0%,
generic.email@example.com,2023-07-09,17:47,Sales,T1FLV7005,S202309088118,Cash,3,Product D,EUR,3.03,3.03,0.0,0%,
generic.email@example.com,2023-07-09,17:53,Sales,TMEF0U9SB,S202309091897,Cash,3,Product A,EUR,3.35,3.35,0.0,0%,
generic.email@example.com,2023-07-09,17:59,Sales,TWENOGFA5,S202335098351,Card,2,Product B,EUR,6.28,6.28,0.0,0%,
generic.email@example.com,2023-07-09,18:19,Sales,T5FQ43P9J,S202378282486,Cash,3,Product B,EUR,5.26,5.26,0.0,0%,
generic.email@example.com,2023-07-09,19:12,Sales,TZY2CHC3P,S202305735826,Cash,1,Product D,EUR,6.94,6.94,0.0,0%,
generic.email@example.com,2023-07-09,19:49,Sales,TW5STMMEA,S202377493380,Mobile,2,Product A,EUR,3.27,3.27,0.0,0%,
generic.email@example.com,2023-07-10,11:47,Sales,TX4ZUJFW6,S202377830489,Card,1,Product C,EUR,5.14,5.14,0.0,0%,
generic.email@example.com,2023-07-10,13:21,Sales,T1XJDVM0W,S202340661463,Card,2,Product A,EUR,4.86,4.86,0.0,0%,
generic.email@example.com,2023-07-10,13:54,Sales,T7B0QK0OC,S202350532073,Card,2,Product B,EUR,9.69,9.69,0.0,0%,
generic.email@example.com,2023-07-10,14:01,Sales,T6SM2Z1U6,S202345604880,Mobile,1,Product A,EUR,5.17,5.17,0.0,0%,
generic.email@example.com,2023-07-10,14:44,Sales,T8N9DV5YZ,S202326115605,Card,3,Product D,EUR,1.5,1.5,0.0,0%,
generic.email@example.com,2023-07-10,14:53,Sales,TJVE89FIS,S202387149088,Cash,2,Product A,EUR,7.28,7.28,0.0,0%,
generic.email@example.com,2023-07-10,15:20,Sales,T0DN59IM8,S202347874721,Mobile,1,Product A,EUR,5.56,5.56,0.0,0%,
generic.email@example.com,2023-07-10,16:51,Sales,TYZ5162EW,S202334046244,Mobile,1,Product D,EUR,1.8,1.8,0.0,0%,
generic.email@example.com,2023-07-10,16:51,Sales,TTAWOW0BF,S202342745354,Cash,3,Product D,EUR,1.8,1.8,0.0,0%,
generic.email@example.com,2023-07-10,17:00,Sales,TFFUGPDC6,S202329872151,Cash,3,Product B,EUR,3.17,3.17,0.0,0%,
generic.email@example.com,2023-07-10,17:39,Sales,T1MTJLGNQ,S202362153132,Card,2,Product C,EUR,4.18,4.18,0.0,0%,
generic.email@example.com,2023-07-10,17:49,Sales,TXFEK8U67,S202385328293,Card,3,Product A,EUR,0.63,0.63,0.0,0%,
generic.email@example.com,2023-07-10,18:31,Sales,TN2EX0VRM,S202310488512,Card,3,Product B,EUR,2.5,2.5,0.0,0%,
generic.email@example.com,2023-07-10,18:57,Sales,T9JWKDKML,S202321801198,Mobile,3,Product A,EUR,2.37,2.37,0.0,0%,
generic.email@example.com,2023-07-10,19:43,Sales,TF1D9PRF1,S202367231441,Card,1,Product C,EUR,2.59,2.59,0.0,0%,
generic.email@example.com,2023-07-11,12:24,Sales,TG6NWHHV6,S202308319472,Cash,3,Product B,EUR,7.19,7.19,0.0,0%,
generic.email@example.com,2023-07-11,12:28,Sales,TL5JU50GL,S202369819834,Cash,2,Product C,EUR,8.29,8.29,0.0,0%,
generic.email@example.com,2023-07-11,12:52,Sales,TDFIYEENQ,S202386019414,Mobile,3,Product A,EUR,0.54,0.54,0.0,0%,
generic.email@example.com,2023-07-11,13:08,Sales,TEN3I9W9V,S202322108369,Cash,2,Product A,EUR,2.51,2.51,0.0,0%,
generic.email@example.com,2023-07-11,14:25,Sales,TVBFNZWWQ,S202322143890,Card,1,Product B,EUR,5.4,5.4,0.0,0%,
generic.email@example.com,2023-07-11,14:40,Sales,TIFKXQFRQ,S202381060506,Mobile,1,Product C,EUR,8.4,8.4,0.0,0%,
generic.email@example.com,2023-07-11,15:03,Sales,T0XD1460R,S202337340404,Cash,2,Product D,EUR,9.5,9.5,0.0,0%,
generic.email@example.com,2023-07-11,15:42,Sales,TBTDWBHXC,S202330218361,Cash,1,Product B,EUR,8.06,8.06,0.0,0%,
generic.email@example.com,2023-07-11,17:00,Sales,TFJR8D92V,S202363320096,Cash,3,Product B,EUR,6.76,6.76,0.0,0%,
generic.email@example.com,2023-07-11,17:01,Sales,TD71IVIEZ,S202328115843,Card,2,Product C,EUR,1.34,1.34,0.0,0%,
generic.email@example.com,2023-07-11,17:18,Sales,TTBLH54U1,S202388011216,Mobile,1,Product B,EUR,8.06,8.06,0.0,0%,
generic.email@example.com,2023-07-11,17:47,Sales,TMJZ9CUPJ,S202329376553,Cash,1,Product A,EUR,7.0,7.0,0.0,0%,
generic.email@example.com,2023-07-12,11:22,Sales,TCMLEPPR3,S202396051326,Card,1,Product D,EUR,0.72,0.72,0.0,0%,
generic.email@example.com,2023-07-12,12:55,Sales,TWMZEU42N,S202370435278,Cash,2,Product A,EUR,8.98,8.98,0.0,0%,
generic.email@example.com,2023-07-12,13:06,Sales,TVQQPGHIM,S202349255382,Card,2,Product B,EUR,1.0,1.0,0.0,0%,
generic.email@example.com,2023-07-12,13:36,Sales,TJXE1LMK1,S202352038925,Cash,3,Product D,EUR,6.97,6.97,0.0,0%,
generic.email@example.com,2023-07-12,13:48,Sales,TVVAVTT6U,S202312975937,Cash,3,Product B,EUR,5.98,5.98,0.0,0%,
generic.email@example.com,2023-07-12,14:01,Sales,TDML075RR,S202399341458,Mobile,2,Product B,EUR,1.88,1.88,0.0,0%,
generic.email@example.com,2023-07-12,14:02,Sales,TGSXD6YEG,S202398643524,Mobile,1,Product A,EUR,1.26,1.26,0.0,0%,
generic.email@example.com,2023-07-12,14:06,Sales,TF2QN014M,S202309378000,Cash,1,Product C,EUR,9.17,9.17,0.0,0%,
generic.email@example.com,2023-07-12,14:44,Sales,T4MISLVET,S202385518699,Cash,3,Product C,EUR,1.23,1.23,0.0,0%,
generic.email@example.com,2023-07-12,14:46,Sales,T2L9RYWET,S202364145399,Card,2,Product B,EUR,8.88,8.88,0.0,0%,
generic.email@example.com,2023-07-12,14:54,Sales,TON097D1G,S202368409261,Cash,2,Product D,EUR,6.64,6.64,0.0,0%,
generic.email@example.com,2023-07-12,15:10,Sales,T83RY4DRV,S202323712795,Cash,1,Product D,EUR,6.86,6.86,0.0,0%,
generic.email@example.com,2023-07-12,15:50,Sales,TCNBCFKBQ,S202326551126,Cash,3,Product A,EUR,7.96,7.96,0.0,0%,
generic.email@example.com,2023-07-12,15:51,Sales,T9WD6Z691,S202337269025,Card,3,Product B,EUR,3.97,3.97,0.0,0%,
generic.email@example.com,2023-07-12,16:12,Sales,TCCIW2NW6,S202305597362,Card,3,Product A,EUR,8.08,8.08,0.0,0%,
generic.email@example.com,2023-07-12,17:07,Sales,TETTCI0NI,S202330144638,Card,3,Product D,EUR,1.89,1.89,0.0,0%,
generic.email@example.com,2023-07-12,18:00,Sales,TO645D360,S202356692469,Card,1,Product D,EUR,4.32,4.32,0.0,0%,
generic.email@example.com,2023-07-12,18:53,Sales,TF2LQB0YV,S202367794608,Mobile,2,Product B,EUR,4.0,4.0,0.0,0%,
generic.email@example.com,2023-07-12,19:17,Sales,TURA98S9M,S202339058089,Card,2,Product A,EUR,5.27,5.27,0.0,0%,
generic.email@example.com,2023-07-13,11:19,Sales,T6XE8SFTT,S202345778018,Mobile,2,Product C,EUR,7.95,7.95,0.0,0%,
generic.email@example.com,2023-07-13,11:48,Sales,T726IQWQF,S202314808471,Mobile,3,Product C,EUR,7.67,7.67,0.0,0%,
generic.email@example.com,2023-07-13,11:53,Sales,T6KKFFW53,S202386330960,Card,2,Product B,EUR,9.23,9.23,0.0,0%,
generic.email@example.com,2023-07-13,12:33,Sales,TRWMRJRFS,S202365036344,Cash,1,Product A,EUR,5.61,5.61,0.0,0%,
generic.email@example.com,2023-07-13,13:36,Sales,TSBOLXAYQ,S202388706769,Card,2,Product B,EUR,5.83,5.83,0.0,0%,
generic.email@example.com,2023-07-13,15:51,Sales,T0U1ACABQ,S202379015722,Cash,2,Product A,EUR,7.76,7.76,0.0,0%,
generic.email@example.com,2023-07-13,16:07,Sales,TRUFM8R94,S202363184288,Card,2,Product B,EUR,4.75,4.75,0.0,0%,
generic.email@example.com,2023-07-13,16:21,Sales,TW0S4PVD0,S202314643452,Card,3,Product D,EUR,5.03,5.03,0.0,0%,
generic.email@example.com,2023-07-13,17:44,Sales,TW1B9Z7H1,S202375647042,Mobile,3,Product B,EUR,5.06,5.06,0.0,0%,
generic.email@example.com,2023-07-13,17:45,Sales,TF7FFK2AK,S202354166058,Mobile,2,Product B,EUR,5.64,5.64,0.0,0%,
generic.email@example.com,2023-07-13,18:17,Sales,T6FEA33HP,S202353424651,Cash,2,Product D,EUR,4.09,4.09,0.0,0%,
generic.email@example.com,2023-07-13,18:47,Sales,TTIHUXGOY,S202327380350,Card,2,Product B,EUR,1.74,1.74,0.0,0%,
generic.email@example.com,2023-07-14,11:22,Sales,TKCDDSY96,S202343256635,Cash,1,Product A,EUR,7.89,7.89,0.0,0%,
generic.email@example.com,2023-07-14,13:01,Sales,TVDRNYWPJ,S202385979720,Cash,1,Product D,EUR,0.81,0.81,0.0,0%,
generic.email@example.com,2023-07-14,13:36,Sales,TXWGWH8TT,S202380088282,Card,1,Product D,EUR,1.39,1.39,0.0,0%,
generic.email@example.com,2023-07-14,15:30,Sales,T9Q7TNE5R,S202387080157,Cash,2,Product B,EUR,2.46,2.46,0.0,0%,
generic.email@example.com,2023-07-14,15:31,Sales,TXIAPUZVZ,S202372508387,Card,3,Product B,EUR,4.99,4.99,0.0,0%,
generic.email@example.com,2023-07-14,17:41,Sales,T0LWUX553,S202334292015,Mobile,2,Product A,EUR,3.07,3.07,0.0,0%,
generic.email@example.com,2023-07-14,18:25,Sales,T9IAHOF63,S202339203542,Card,3,Product B,EUR,8.39,8.39,0.0,0%,
generic.email@example.com,2023-07-14,18:40,Sales,TWHM36600,S202346512786,Card,2,Product B,EUR,6.35,6.35,0.0,0%,
generic.email@example.com,2023-07-14,19:07,Sales,TX07CLGMX,S202330730404,Cash,3,Product C,EUR,1.89,1.89,0.0,0%,
generic.email@example.com,2023-07-14,19:33,Sales,TNCFZC1PM,S202351476344,Card,2,Product C,EUR,2.73,2.73,0.0,0%,
generic.email@example.com,2023-07-14,19:35,Sales,TGADK1UF4,S202348804885,Card,1,Product D,EUR,5.6,5.6,0.0,0%,
generic.email@example.com,2023-07-15,11:41,Sales,TEA4D5RKU,S202377453374,Mobile,2,Product A,EUR,4.8,4.8,0.0,0%,
generic.email@example.com,2023-07-15,12:25,Sales,TZ2NXHJY9,S202351442940,Cash,1,Product C,EUR,6.42,6.42,0.0,0%,
generic.email@example.com,2023-07-15,12:58,Sales,TTSJRUEQV,S202301064365,Mobile,3,Product A,EUR,4.85,4.85,0.0,0%,
generic.email@example.com,2023-07-15,13:38,Sales,TPW4S6VR3,S202381524929,Cash,1,Product A,EUR,0.91,0.91,0.0,0%,
generic.email@example.com,2023-07-15,13:56,Sales,TO9UTR44X,S202357338171,Mobile,3,Product B,EUR,8.49,8.49,0.0,0%,
generic.email@example.com,2023-07-15,15:45,Sales,T1HNA3S81,S202345318772,Cash,2,Product B,EUR,7.16,7.16,0.0,0%,
generic.email@example.com,2023-07-15,16:00,Sales,T82WQORCM,S202316364836,Card,2,Product B,EUR,3.52,3.52,0.0,0%,
generic.email@example.com,2023-07-15,16:11,Sales,TB39EZD37,S202336934890,Card,1,Product A,EUR,6.27,6.27,0.0,0%,
generic.email@example.com,2023-07-15,16:17,Sales,T98GCLNZT,S202310778370,Card,3,Product D,EUR,6.45,6.45,0.0,0%,
generic.email@example.com,2023-07-15,16:33,Sales,TUUJLE1EN,S202356502877,Cash,2,Product D,EUR,2.68,2.68,0.0,0%,
generic.email@example.com,2023-07-15,17:21,Sales,TJRAS08OJ,S202364070660,Cash,1,Product A,EUR,5.34,5.34,0.0,0%,
generic.email@example.com,2023-07-15,17:22,Sales,T4A217GEC,S202322600900,Card,3,Product B,EUR,1.99,1.99,0.0,0%,
generic.email@example.com,2023-07-15,17:33,Sales,T9OBBTRHX,S202325940571,Card,3,Product B,EUR,3.12,3.12,0.0,0%,
generic.email@example.com,2023-07-15,17:39,Sales,TU2IW0ZVT,S202344642981,Cash,3,Product D,EUR,8.8,8.8,0.0,0%,
generic.email@example.com,2023-07-15,17:44,Sales,T3C0JYW6W,S202394565180,Card,3,Product A,EUR,9.2,9.2,0.0,0%,
generic.email@example.com,2023-07-15,18:24,Sales,TQ9C80QKX,S202343466008,Cash,3,Product A,EUR,7.61,7.61,0.0,0%,
generic.email@example.com,2023-07-15,18:47,Sales,TRFJUPJIP,S202352546026,Cash,3,Product B,EUR,8.79,8.79,0.0,0%,
generic.email@example.com,2023-07-15,18:48,Sales,TLSC83OMF,S202372905548,Card,3,Product D,EUR,9.85,9.85,0.0,0%,
generic.email@example.com,2023-07-15,19:38,Sales,THD3F9A28,S202373457626,Cash,2,Product B,EUR,5.2,5.2,0.0,0%,
generic.email@example.com,2023-07-15,19:45,Sales,TKG5TOHUB,S202342797170,Mobile,2,Product C,EUR,5.94,5.94,0.0,0%,
generic.email@example.com,2023-07-15,19:56,Sales,TCKJA5RL2,S202377297565,Card,1,Product B,EUR,5.73,5.73,0.0,0%,
generic.email@example.com,2023-07-16,11:43,Sales,TLLY6X3ZF,S202311840304,Card,2,Product B,EUR,4.14,4.14,0.0,0%,
generic.email@example.com,2023-07-16,11:48,Sales,T945BADRN,S202310478018,Card,2,Product D,EUR,3.91,3.91,0.0,0%,
generic.email@example.com,2023-07-16,12:12,Sales,TD1WDAJP8,S202356045310,Mobile,1,Product B,EUR,2.62,2.62,0.0,0%,
generic.email@example.com,2023-07-16,12:13,Sales,TP7ERM7BN,S202318578089,Cash,1,Product B,EUR,9.41,9.41,0.0,0%,
generic.email@example.com,2023-07-16,12:38,Sales,T251GPHNJ,S202394979037,Card,2,Product D,EUR,5.87,5.87,0.0,0%,
generic.email@example.com,2023-07-16,12:53,Sales,TB3EZM4V2,S202372236520,Cash,3,Product C,EUR,9.22,9.22,0.0,0%,
generic.email@example.com,2023-07-16,14:13,Sales,TGS1G5T5J,S202388903972,Mobile,1,Product D,EUR,4.36,4.36,0.0,0%,
generic.email@example.com,2023-07-16,15:17,Sales,TYJTKBHND,S202314384908,Card,2,Product C,EUR,7.42,7.42,0.0,0%,
generic.email@example.com,2023-07-16,15:20,Sales,T29K5EW1D,S202387761761,Mobile,1,Product C,EUR,1.14,1.14,0.0,0%,
generic.email@example.com,2023-07-16,16:25,Sales,T4PEPB04N,S202317925209,Mobile,3,Product D,EUR,2.7,2.7,0.0,0%,
generic.email@example.com,2023-07-16,17:07,Sales,TR2PW7GS0,S202348545944,Mobile,3,Product C,EUR,9.66,9.66,0.0,0%,
generic.email@example.com,2023-07-16,19:11,Sales,TBPQ3V1RY,S202335008034,Cash,1,Product D,EUR,3.64,3.64,0.0,0%,
generic.email@example.com,2023-07-16,19:40,Sales,TKJSFHG6B,S202399949612,Cash,3,Product A,EUR,9.0,9.0,0.0,0%,
generic.email@example.com,2023-07-17,11:54,Sales,T8RDQJDWV,S202376541791,Card,2,Product B,EUR,9.8,9.8,0.0,0%,
generic.email@example.com,2023-07-17,13:00,Sales,TS42LQDBU,S202387450405,Mobile,2,Product C,EUR,5.29,5.29,0.0,0%,
generic.email@example.com,2023-07-17,13:08,Sales,T03KCROOW,S202393543630,Cash,1,Product A,EUR,7.08,7.08,0.0,0%,
generic.email@example.com,2023-07-17,13:57,Sales,TVAKF50BI,S202381343818,Mobile,1,Product D,EUR,5.24,5.24,0.0,0%,
generic.email@example.com,2023-07-17,15:19,Sales,TAGJOD8K8,S202337710308,Mobile,2,Product D,EUR,0.5,0.5,0.0,0%,
generic.email@example.com,2023-07-17,16:07,Sales,T3GB07S1F,S202369558012,Mobile,1,Product A,EUR,5.64,5.64,0.0,0%,
generic.email@example.com,2023-07-17,16:13,Sales,TDKOQWW3W,S202392815652,Mobile,2,Product D,EUR,7.24,7.24,0.0,0%,
generic.email@example.com,2023-07-17,16:46,Sales,TVM7GECXQ,S202377016002,Card,2,Product A,EUR,5.39,5.39,0.0,0%,
generic.email@example.com,2023-07-17,17:00,Sales,T9GH0A5CE,S202351999511,Card,3,Product A,EUR,5.39,5.39,0.0,0%,
generic.email@example.com,2023-07-17,17:15,Sales,TV4BW7KRH,S202311514920,Card,1,Product B,EUR,5.62,5.62,0.0,0%,
generic.email@example.com,2023-07-17,18:42,Sales,TP4SF9AET,S202305335521,Cash,3,Product B,EUR,6.79,6.79,0.0,0%,
generic.email@example.com,2023-07-18,11:19,Sales,TB6T3HUJ2,S202304651533,Cash,1,Product B,EUR,3.6,3.6,0.0,0%,
generic.email@example.com,2023-07-18,11:44,Sales,TQBFPW9ZI,S202390430667,Card,3,Product C,EUR,8.36,8.36,0.0,0%,
generic.email@example.com,2023-07-18,12:01,Sales,T2VMFZB9L,S202315057315,Mobile,3,Product B,EUR,8.05,8.05,0.0,0%,
generic.email@example.com,2023-07-18,12:23,Sales,TS8FSD04U,S202302929988,Mobile,2,Product A,EUR,2.91,2.91,0.0,0%,
generic.email@example.com,2023-07-18,12:53,Sales,T330CH6ZS,S202372078850,Cash,1,Product A,EUR,8.77,8.77,0.0,0%,
generic.email@example.com,2023-07-18,13:06,Sales,TKLU5G5TG,S202325157683,Cash,1,Product D,EUR,5.93,5.93,0.0,0%,
generic.email@example.com,2023-07-18,13:44,Sales,TAZC4ZUKY,S202314593330,Cash,2,Product B,EUR,3.29,3.29,0.0,0%,
generic.email@example.com,2023-07-18,14:03,Sales,T30K603F0,S202314082696,Cash,2,Product B,EUR,8.06,8.06,0.0,0%,
generic.email@example.com,2023-07-18,17:52,Sales,TO9RPFJ4G,S202345052106,Cash,1,Product B,EUR,6.25,6.25,0.0,0%,
generic.email@example.com,2023-07-18,18:49,Sales,TOFQRWNY4,S202324576301,Card,3,Product C,EUR,1.38,1.38,0.0,0%,
generic.email@example.com,2023-07-18,19:24,Sales,TTIOO4XO4,S202326075781,Card,1,Product A,EUR,7.64,7.64,0.0,0%,
generic.email@example.com,2023-07-19,11:39,Sales,TDVCYWCCQ,S202375040293,Cash,2,Product A,EUR,8.65,8.65,0.0,0%,
generic.email@example.com,2023-07-19,11:46,Sales,TUWERF0SD,S202331824618,Card,3,Product C,EUR,7.29,7.29,0.0,0%,
generic.email@example.com,2023-07-19,11:48,Sales,TQTJTDEW7,S202352086044,Card,3,Product C,EUR,5.15,5.15,0.0,0%,
generic.email@example.com,2023-07-19,12:04,Sales,TDSMG2IQG,S202343379552,Mobile,2,Product D,EUR,7.2,7.2,0.0,0%,
generic.email@example.com,2023-07-19,13:56,Sales,T9FOFFASP,S202320258108,Card,3,Product D,EUR,9.49,9.49,0.0,0%,
generic.email@example.com,2023-07-19,13:58,Sales,TZEH9ANN6,S202308997015,Card,1,Product D,EUR,8.19,8.19,0.0,0%,
generic.email@example.com,2023-07-19,14:43,Sales,TA46F6BL8,S202347276932,Cash,1,Product C,EUR,6.35,6.35,0.0,0%,
generic.email@example.com,2023-07-19,15:08,Sales,TIAGN17QV,S202383847684,Cash,3,Product B,EUR,0.57,0.57,0.0,0%,
generic.email@example.com,2023-07-19,15:23,Sales,TFCEH5P0L,S202381126125,Card,3,Product B,EUR,4.77,4.77,0.0,0%,
generic.email@example.com,2023-07-19,15:36,Sales,TR7JWT9F3,S202352300758,Mobile,1,Product C,EUR,8.11,8.11,0.0,0%,
generic.email@example.com,2023-07-19,16:02,Sales,T7WQ7162E,S202382129759,Cash,2,Product C,EUR,7.14,7.14,0.0,0%,
generic.email@example.com,2023-07-19,16:45,Sales,T7U21J60E,S202335234679,Card,1,Product A,EUR,5.83,5.83,0.0,0%,
generic.email@example.com,2023-07-19,17:04,Sales,TYJA0ZLTT,S202316324289,Mobile,3,Product D,EUR,2.7,2.7,0.0,0%,
generic.email@example.com,2023-07-19,17:46,Sales,T30OH30ZM,S202305512266,Mobile,3,Product B,EUR,0.64,0.64,0.0,0%,
generic.email@example.com,2023-07-19,18:47,Sales,TUCVIM01I,S202352452028,Mobile,2,Product D,EUR,2.76,2.76,0.0,0%,
generic.email@example.com,2023-07-19,19:23,Sales,TL9ZSU66B,S202301327974,Card,3,Product D,EUR,5.26,5.26,0.0,0%,
generic.email@example.com,2023-07-20,11:34,Sales,TQOB8APGF,S202399500468,Card,3,Product D,EUR,5.94,5.94,0.0,0%,
generic.email@example.com,2023-07-20,13:27,Sales,TTVEYKSXO,S202356013748,Mobile,3,Product A,EUR,1.12,1.12,0.0,0%,
generic.email@example.com,2023-07-20,15:14,Sales,T42VFT8EE,S202363518085,Cash,1,Product B,EUR,1.46,1.46,0.0,0%,
generic.email@example.com,2023-07-20,15:57,Sales,TADE5ST0L,S202381490816,Cash,3,Product B,EUR,8.71,8.71,0.0,0%,
generic.email@example.com,2023-07-20,16:29,Sales,T8FSCZCCR,S202339498207,Card,2,Product A,EUR,2.58,2.58,0.0,0%,
generic.email@example.com,2023-07-20,16:44,Sales,T5V8IR9Q2,S202325511516,Card,2,Product D,EUR,1.18,1.18,0.0,0%,
generic.email@example.com,2023-07-20,17:06,Sales,TAV4E8WH0,S202321604237,Mobile,3,Product A,EUR,0.9,0.9,0.0,0%,
generic.email@example.com,2023-07-20,17:30,Sales,TKDQ3HWBU,S202311635958,Card,3,Product B,EUR,2.43,2.43,0.0,0%,
generic.email@example.com,2023-07-20,18:08,Sales,THPHE17VV,S202308374726,Card,3,Product A,EUR,2.28,2.28,0.0,0%,
generic.email@example.com,2023-07-20,18:24,Sales,TJOL5X22W,S202386965949,Card,1,Product A,EUR,1.56,1.56,0.0,0%,
generic.email@example.com,2023-07-20,18:34,Sales,T384X71R3,S202390112729,Card,3,Product C,EUR,3.27,3.27,0.0,0%,
generic.email@example.com,2023-07-20,18:54,Sales,TNLZ85NUX,S202305973675,Mobile,2,Product A,EUR,2.19,2.19,0.0,0%,
generic.email@example.com,2023-07-20,19:30,Sales,T2IC2DYUB,S202353142812,Card,2,Product B,EUR,5.9,5.9,0.0,0%,
generic.email@example.com,2023-07-21,11:46,Sales,TNLQDS4C6,S202307559080,Card,2,Product C,EUR,9.77,9.77,0.0,0%,
generic.email@example.com,2023-07-21,12:06,Sales,TJ1IZYWQ4,S202338530670,Cash,1,Product B,EUR,4.09,4.09,0.0,0%,
generic.email@example.com,2023-07-21,12:52,Sales,TD4DX4HIV,S202333578719,Card,2,Product B,EUR,7.36,7.36,0.0,0%,
generic.email@example.com,2023-07-21,14:41,Sales,TM8G1YANS,S202396172963,Card,2,Product B,EUR,6.46,6.46,0.0,0%,
generic.email@example.com,2023-07-21,14:58,Sales,TOI5L45VR,S202320486009,Cash,3,Product B,EUR,9.17,9.17,0.0,0%,
generic.email@example.com,2023-07-21,16:36,Sales,TZ1Z6UKT0,S202327625766,Mobile,1,Product A,EUR,1.14,1.14,0.0,0%,
generic.email@example.com,2023-07-21,17:06,Sales,TANNFDSHI,S202387537410,Card,3,Product C,EUR,7.21,7.21,0.0,0%,
generic.email@example.com,2023-07-21,18:17,Sales,TAKFBR5TZ,S202340636683,Card,3,Product C,EUR,7.19,7.19,0.0,0%,
generic.email@example.com,2023-07-21,18:27,Sales,TGZDL49DB,S202380089630,Mobile,1,Product B,EUR,5.16,5.16,0.0,0%,
generic.email@example.com,2023-07-21,18:45,Sales,TOIYTL46F,S202319581894,Card,2,Product C,EUR,1.56,1.56,0.0,0%,
generic.email@example.com,2023-07-21,19:36,Sales,TDRP7UHJE,S202353127039,Mobile,3,Product D,EUR,9.91,9.91,0.0,0%,
generic.email@example.com,2023-07-22,11:09,Sales,TCQE8LHZ1,S202359269756,Mobile,3,Product B,EUR,9.5,9.5,0.0,0%,
generic.email@example.com,2023-07-22,11:33,Sales,T9S8785FA,S202365661691,Card,1,Product C,EUR,2.56,2.56,0.0,0%,
generic.email@example.com,2023-07-22,11:53,Sales,TPL1Y0UE0,S202348876309,Card,1,Product A,EUR,6.54,6.54,0.0,0%,
generic.email@example.com,2023-07-22,11:54,Sales,T47WP1GZI,S202353001348,Card,3,Product D,EUR,7.25,7.25,0.0,0%,
generic.email@example.com,2023-07-22,12:13,Sales,T6V3Q943B,S202366996454,Mobile,3,Product A,EUR,1.32,1.32,0.0,0%,
generic.email@example.com,2023-07-22,13:05,Sales,TRNZ2VASN,S202391659156,Cash,2,Product D,EUR,7.65,7.65,0.0,0%,
generic.email@example.com,2023-07-22,14:15,Sales,T0HGA4Z1C,S202375454455,Mobile,2,Product D,EUR,5.82,5.82,0.0,0%,
generic.email@example.com,2023-07-22,14:22,Sales,TOIPDCOHT,S202331121270,Mobile,1,Product A,EUR,3.04,3.04,0.0,0%,
generic.email@example.com,2023-07-22,15:00,Sales,TWJPAH7R8,S202326907334,Card,2,Product A,EUR,7.51,7.51,0.0,0%,
generic.email@example.com,2023-07-22,15:40,Sales,TJ1W56D01,S202391837731,Card,2,Product A,EUR,5.26,5.26,0.0,0%,
generic.email@example.com,2023-07-22,19:36,Sales,TAAMBEO56,S202373894330,Card,1,Product B,EUR,1.02,1.02,0.0,0%,
generic.email@example.com,2023-07-23,11:10,Sales,TP19KOK7A,S202324257905,Mobile,3,Product A,EUR,2.2,2.2,0.0,0%,
generic.email@example.com,2023-07-23,13:22,Sales,T90ICK6RJ,S202314392462,Mobile,1,Product C,EUR,9.33,9.33,0.0,0%,
generic.email@example.com,2023-07-23,13:54,Sales,TOADUXSM6,S202395430216,Mobile,1,Product B,EUR,6.79,6.79,0.0,0%,
generic.email@example.com,2023-07-23,13:57,Sales,T0YIDBUKZ,S202332832414,Card,2,Product A,EUR,2.94,2.94,0.0,0%,
generic.email@example.com,2023-07-23,14:22,Sales,TPKCL6IJ0,S202380919208,Card,1,Product A,EUR,6.31,6.31,0.0,0%,
generic.email@example.com,2023-07-23,14:55,Sales,TBY6E7F4H,S202360256265,Card,2,Product C,EUR,7.27,7.27,0.0,0%,
generic.email@example.com,2023-07-23,15:19,Sales,TJDFCBMUG,S202326336486,Card,2,Product C,EUR,7.61,7.61,0.0,0%,
generic.email@example.com,2023-07-23,15:36,Sales,TCHKA06V4,S202305919771,Cash,2,Product B,EUR,3.74,3.74,0.0,0%,
generic.email@example.com,2023-07-23,15:50,Sales,TW9TT1EZR,S202313715239,Card,1,Product C,EUR,8.92,8.92,0.0,0%,
generic.email@example.com,2023-07-23,16:51,Sales,TRDKTZPLY,S202394478079,Mobile,1,Product C,EUR,1.39,1.39,0.0,0%,
generic.email@example.com,2023-07-23,17:09,Sales,TFQAH2XGV,S202351611556,Card,2,Product D,EUR,2.26,2.26,0.0,0%,
generic.email@example.com,2023-07-23,18:55,Sales,TBTPS6DKX,S202335652047,Card,3,Product A,EUR,4.94,4.94,0.0,0%,
generic.email@example.com,2023-07-23,19:19,Sales,TZIHCZPOM,S202323899871,Cash,1,Product A,EUR,9.76,9.76,0.0,0%,
generic.email@example.com,2023-07-23,19:58,Sales,T7HDADNRN,S202315701979,Cash,2,Product D,EUR,8.75,8.75,0.0,0%,
generic.email@example.com,2023-07-24,11:14,Sales,TTKG6R3NH,S202365291307,Card,2,Product D,EUR,3.59,3.59,0.0,0%,
generic.email@example.com,2023-07-24,14:14,Sales,T0JDUT0YV,S202389374477,Mobile,1,Product D,EUR,0.58,0.58,0.0,0%,
generic.email@example.com,2023-07-24,14:29,Sales,T10FOAXAE,S202359157342,Card,3,Product C,EUR,1.17,1.17,0.0,0%,
generic.email@example.com,2023-07-24,14:32,Sales,TESNR5LGZ,S202359524583,Mobile,1,Product C,EUR,4.33,4.33,0.0,0%,
generic.email@example.com,2023-07-24,15:16,Sales,TQH9OC0HO,S202391131366,Card,2,Product D,EUR,2.26,2.26,0.0,0%,
generic.email@example.com,2023-07-24,15:31,Sales,TSRBZTVCZ,S202329504560,Card,1,Product D,EUR,3.44,3.44,0.0,0%,
generic.email@example.com,2023-07-24,15:39,Sales,T9SIM7N2S,S202301231329,Cash,2,Product A,EUR,2.28,2.28,0.0,0%,
generic.email@example.com,2023-07-24,16:30,Sales,TME0Q56ZF,S202324452386,Mobile,2,Product D,EUR,1.47,1.47,0.0,0%,
generic.email@example.com,2023-07-24,17:24,Sales,T6T03LN68,S202341082437,Card,2,Product B,EUR,4.32,4.32,0.0,0%,
generic.email@example.com,2023-07-24,17:33,Sales,TUI74N02G,S202318851915,Cash,2,Product A,EUR,6.73,6.73,0.0,0%,
generic.email@example.com,2023-07-24,18:06,Sales,T0Z5SYYUC,S202356560697,Card,1,Product C,EUR,7.58,7.58,0.0,0%,
generic.email@example.com,2023-07-24,19:09,Sales,TLF560UAT,S202386428060,Cash,3,Product C,EUR,1.03,1.03,0.0,0%,
generic.email@example.com,2023-07-24,19:13,Sales,T5DLBKLGY,S202331696950,Cash,2,Product D,EUR,2.27,2.27,0.0,0%,
generic.email@example.com,2023-07-25,11:15,Sales,T5E4VHPLC,S202339333336,Mobile,2,Product A,EUR,7.48,7.48,0.0,0%,
generic.email@example.com,2023-07-25,11:34,Sales,TG7ICYAD6,S202323801338,Card,3,Product D,EUR,3.39,3.39,0.0,0%,
generic.email@example.com,2023-07-25,12:33,Sales,T8BX0US7D,S202340310504,Mobile,3,Product B,EUR,4.47,4.47,0.0,0%,
generic.email@example.com,2023-07-25,14:07,Sales,TWRMCCADC,S202380957105,Mobile,2,Product C,EUR,2.75,2.75,0.0,0%,
generic.email@example.com,2023-07-25,14:27,Sales,TRUR6RKTY,S202335046193,Card,1,Product C,EUR,2.82,2.82,0.0,0%,
generic.email@example.com,2023-07-25,15:05,Sales,TMKQOMMYP,S202329521771,Mobile,3,Product B,EUR,4.72,4.72,0.0,0%,
generic.email@example.com,2023-07-25,15:25,Sales,TZLHLG0ZJ,S202327774784,Mobile,3,Product B,EUR,6.73,6.73,0.0,0%,
generic.email@example.com,2023-07-25,16:56,Sales,T3TX7J4ZX,S202365588154,Card,1,Product A,EUR,4.57,4.57,0.0,0%,
generic.email@example.com,2023-07-25,17:34,Sales,TDYQS2NAW,S202331742198,Card,1,Product D,EUR,6.24,6.24,0.0,0%,
generic.email@example.com,2023-07-25,17:39,Sales,TCSNOM8RA,S202340654103,Cash,3,Product D,EUR,4.0,4.0,0.0,0%,
generic.email@example.com,2023-07-25,18:15,Sales,T79SEXYBT,S202318816407,Mobile,3,Product D,EUR,3.69,3.69,0.0,0%,
generic.email@example.com,2023-07-25,18:58,Sales,T1MEYT7L0,S202306036725,Card,1,Product D,EUR,4.79,4.79,0.0,0%,
generic.email@example.com,2023-07-25,19:59,Sales,T40VE36YV,S202360874782,Cash,2,Product C,EUR,4.88,4.88,0.0,0%,
generic.email@example.com,2023-07-26,11:15,Sales,T0BXYRP53,S202336130674,Cash,3,Product B,EUR,9.16,9.16,0.0,0%,
generic.email@example.com,2023-07-26,11:42,Sales,T5L63DPQK,S202348535021,Card,2,Product C,EUR,9.14,9.14,0.0,0%,
generic.email@example.com,2023-07-26,11:46,Sales,T7UDX0QJT,S202385800802,Cash,3,Product C,EUR,3.33,3.33,0.0,0%,
generic.email@example.com,2023-07-26,11:59,Sales,T9GK9K48K,S202329989690,Mobile,1,Product A,EUR,6.41,6.41,0.0,0%,
generic.email@example.com,2023-07-26,13:12,Sales,TD367GD8N,S202380225312,Cash,2,Product A,EUR,5.9,5.9,0.0,0%,
generic.email@example.com,2023-07-26,13:32,Sales,TK1Y8PA2R,S202361733860,Card,2,Product A,EUR,9.61,9.61,0.0,0%,
generic.email@example.com,2023-07-26,14:22,Sales,TZ9TRYU9G,S202398900592,Mobile,2,Product C,EUR,9.84,9.84,0.0,0%,
generic.email@example.com,2023-07-26,14:29,Sales,TVDVAGLUD,S202367586163,Mobile,3,Product D,EUR,1.69,1.69,0.0,0%,
generic.email@example.com,2023-07-26,15:38,Sales,TI48JKE8I,S202374311408,Mobile,2,Product B,EUR,7.05,7.05,0.0,0%,
generic.email@example.com,2023-07-26,16:27,Sales,TEZBHUW45,S202355093619,Mobile,2,Product B,EUR,9.01,9.01,0.0,0%,
generic.email@example.com,2023-07-26,16:37,Sales,TTVRK44CW,S202301836612,Card,1,Product B,EUR,1.47,1.47,0.0,0%,
generic.email@example.com,2023-07-26,16:49,Sales,T69DR9R07,S202349437857,Cash,1,Product B,EUR,4.41,4.41,0.0,0%,
generic.email@example.com,2023-07-26,18:02,Sales,TTNJXNTGY,S202334979143,Mobile,1,Product C,EUR,7.54,7.54,0.0,0%,
generic.email@example.com,2023-07-26,18:45,Sales,T5G9Y4ZJH,S202351761704,Cash,2,Product B,EUR,7.23,7.23,0.0,0%,
generic.email@example.com,2023-07-26,18:52,Sales,TF3S6A1J2,S202387162673,Mobile,3,Product B,EUR,7.44,7.44,0.0,0%,
generic.email@example.com,2023-07-27,12:31,Sales,TUZPBIZMU,S202338910416,Card,2,Product A,EUR,2.48,2.48,0.0,0%,
generic.email@example.com,2023-07-27,12:36,Sales,T2ERZO4NO,S202365407968,Cash,1,Product B,EUR,3.05,3.05,0.0,0%,
generic.email@example.com,2023-07-27,12:57,Sales,TD8TV9KK0,S202366907608,Cash,3,Product C,EUR,2.92,2.92,0.0,0%,
generic.email@example.com,2023-07-27,13:01,Sales,TPQVAGFH5,S202330005803,Cash,2,Product A,EUR,4.08,4.08,0.0,0%,
generic.email@example.com,2023-07-27,13:37,Sales,TRSYZ2JMQ,S202395136346,Card,3,Product C,EUR,9.75,9.75,0.0,0%,
generic.email@example.com,2023-07-27,14:46,Sales,TZ1HTTMRN,S202350860285,Cash,2,Product A,EUR,1.37,1.37,0.0,0%,
generic.email@example.com,2023-07-27,14:59,Sales,TTB2X2C70,S202367944005,Card,3,Product A,EUR,3.28,3.28,0.0,0%,
generic.email@example.com,2023-07-27,15:48,Sales,T0NZ8E597,S202318667625,Card,1,Product A,EUR,7.18,7.18,0.0,0%,
generic.email@example.com,2023-07-27,16:20,Sales,TLDXZ2H9S,S202300780928,Mobile,1,Product A,EUR,4.04,4.04,0.0,0%,
generic.email@example.com,2023-07-27,16:37,Sales,THNHFVU4P,S202360940021,Cash,1,Product C,EUR,2.06,2.06,0.0,0%,
generic.email@example.com,2023-07-27,16:43,Sales,TSEAG9LAU,S202378012128,Card,1,Product D,EUR,7.1,7.1,0.0,0%,
generic.email@example.com,2023-07-27,17:03,Sales,TQ2EJWGTM,S202389418936,Cash,1,Product D,EUR,8.05,8.05,0.0,0%,
generic.email@example.com,2023-07-27,17:51,Sales,T6GAC9YMB,S202324993827,Cash,2,Product A,EUR,0.99,0.99,0.0,0%,
generic.email@example.com,2023-07-27,17:58,Sales,T71I0HPRR,S202383254137,Cash,3,Product B,EUR,4.89,4.89,0.0,0%,
generic.email@example.com,2023-07-27,18:07,Sales,T6MGHLF1R,S202340235088,Cash,1,Product B,EUR,5.6,5.6,0.0,0%,
generic.email@example.com,2023-07-27,19:52,Sales,T8W0U8BK2,S202350974934,Mobile,1,Product D,EUR,4.44,4.44,0.0,0%,
generic.email@example.com,2023-07-28,14:15,Sales,TEFPFMC09,S202383268359,Cash,1,Product B,EUR,3.58,3.58,0.0,0%,
generic.email@example.com,2023-07-28,14:33,Sales,T0MZT3XMJ,S202343794111,Cash,2,Product A,EUR,7.6,7.6,0.0,0%,
generic.email@example.com,2023-07-28,14:55,Sales,TPE0548PN,S202326528087,Card,3,Product B,EUR,9.36,9.36,0.0,0%,
generic.email@example.com,2023-07-28,15:18,Sales,TML6IN92W,S202373372710,Mobile,1,Product D,EUR,4.89,4.89,0.0,0%,
generic.email@example.com,2023-07-28,15:28,Sales,TXYXX8CT3,S202392559373,Cash,2,Product A,EUR,0.5,0.5,0.0,0%,
generic.email@example.com,2023-07-28,15:57,Sales,TAV1M8LH1,S202349471681,Mobile,3,Product D,EUR,8.87,8.87,0.0,0%,
generic.email@example.com,2023-07-28,16:05,Sales,TFSXW65OB,S202369700052,Card,1,Product D,EUR,0.75,0.75,0.0,0%,
generic.email@example.com,2023-07-28,16:32,Sales,T001DKM8Y,S202328398375,Mobile,3,Product A,EUR,2.46,2.46,0.0,0%,
generic.email@example.com,2023-07-28,16:50,Sales,TE6X3B66V,S202373187172,Mobile,2,Product D,EUR,9.51,9.51,0.0,0%,
generic.email@example.com,2023-07-28,17:27,Sales,TWE27F62V,S202312532759,Card,3,Product D,EUR,2.95,2.95,0.0,0%,
generic.email@example.com,2023-07-28,17:54,Sales,T0QXYXFFF,S202386248715,Cash,3,Product C,EUR,9.5,9.5,0.0,0%,
generic.email@example.com,2023-07-28,18:15,Sales,T1OYQUUKL,S202307175679,Cash,2,Product C,EUR,4.44,4.44,0.0,0%,
generic.email@example.com,2023-07-28,18:37,Sales,TGJS39UHT,S202365953218,Mobile,3,Product D,EUR,7.85,7.85,0.0,0%,
generic.email@example.com,2023-07-28,18:43,Sales,TU494JVBB,S202339734493,Card,2,Product B,EUR,7.11,7.11,0.0,0%,
generic.email@example.com,2023-07-28,19:22,Sales,TN1JIY2CR,S202365474284,Cash,2,Product C,EUR,9.58,9.58,0.0,0%,
generic.email@example.com,2023-07-28,19:26,Sales,TMKIAU02I,S202305456160,Cash,1,Product B,EUR,7.56,7.56,0.0,0%,
generic.email@example.com,2023-07-28,19:51,Sales,TVW9HZNP1,S202367010048,Card,1,Product A,EUR,1.97,1.97,0.0,0%,
generic.email@example.com,2023-07-29,11:30,Sales,T37NT2X4M,S202339021106,Card,1,Product C,EUR,8.87,8.87,0.0,0%,
generic.email@example.com,2023-07-29,12:00,Sales,TOO9XWYZL,S202318589539,Cash,3,Product C,EUR,5.09,5.09,0.0,0%,
generic.email@example.com,2023-07-29,12:19,Sales,TU9C24V0Y,S202313590718,Card,1,Product B,EUR,0.59,0.59,0.0,0%,
generic.email@example.com,2023-07-29,13:00,Sales,TJGF5MKV9,S202385567503,Cash,3,Product B,EUR,9.69,9.69,0.0,0%,
generic.email@example.com,2023-07-29,13:05,Sales,TRES46EXN,S202389188874,Card,3,Product B,EUR,2.6,2.6,0.0,0%,
generic.email@example.com,2023-07-29,13:07,Sales,T4AHGBDG1,S202379475396,Mobile,3,Product A,EUR,8.16,8.16,0.0,0%,
generic.email@example.com,2023-07-29,14:12,Sales,T5DUQEI34,S202373582720,Card,1,Product D,EUR,8.85,8.85,0.0,0%,
generic.email@example.com,2023-07-29,14:47,Sales,TADX4S4F7,S202323060852,Mobile,3,Product D,EUR,6.92,6.92,0.0,0%,
generic.email@example.com,2023-07-29,14:55,Sales,TJ1BK2U20,S202385411242,Card,3,Product D,EUR,4.82,4.82,0.0,0%,
generic.email@example.com,2023-07-29,15:22,Sales,TY9KUPQV3,S202348643924,Cash,2,Product D,EUR,1.26,1.26,0.0,0%,
generic.email@example.com,2023-07-29,16:08,Sales,TJEAV13CL,S202372686658,Cash,1,Product A,EUR,3.58,3.58,0.0,0%,
generic.email@example.com,2023-07-29,16:27,Sales,TXLEQ4WBV,S202358148204,Mobile,3,Product D,EUR,2.98,2.98,0.0,0%,
generic.email@example.com,2023-07-29,16:29,Sales,T54G7TCL6,S202392462462,Mobile,3,Product C,EUR,7.09,7.09,0.0,0%,
generic.email@example.com,2023-07-29,16:48,Sales,T8JU9YAEH,S202367723971,Cash,3,Product C,EUR,5.43,5.43,0.0,0%,
generic.email@example.com,2023-07-29,18:09,Sales,TH30BBBWF,S202333333436,Card,3,Product D,EUR,8.92,8.92,0.0,0%,
generic.email@example.com,2023-07-29,18:32,Sales,TKGHHYAKQ,S202369588033,Mobile,2,Product C,EUR,4.71,4.71,0.0,0%,
generic.email@example.com,2023-07-29,18:37,Sales,TVK8CJUE2,S202319294384,Card,1,Product D,EUR,3.28,3.28,0.0,0%,
generic.email@example.com,2023-07-29,19:00,Sales,TQHNXUJQ6,S202320401143,Cash,1,Product D,EUR,6.84,6.84,0.0,0%,
generic.email@example.com,2023-07-29,19:03,Sales,T9RHET5SJ,S202389393805,Cash,1,Product B,EUR,5.58,5.58,0.0,0%,
generic.email@example.com,2023-07-29,19:53,Sales,T3PKEK4HQ,S202314273578,Cash,1,Product A,EUR,3.58,3.58,0.0,0%,
generic.email@example.com,2023-07-30,11:35,Sales,TNWPR7GJM,S202372761924,Mobile,1,Product B,EUR,5.3,5.3,0.0,0%,
generic.email@example.com,2023-07-30,11:39,Sales,TR5TWW0FC,S202353603984,Mobile,3,Product C,EUR,0.93,0.93,0.0,0%,
generic.email@example.com,2023-07-30,12:41,Sales,TE3LXMWZF,S202340310841,Card,1,Product A,EUR,7.27,7.27,0.0,0%,
generic.email@example.com,2023-07-30,12:43,Sales,TUF4V8HQA,S202307393343,Mobile,1,Product C,EUR,2.24,2.24,0.0,0%,
generic.email@example.com,2023-07-30,13:40,Sales,TG1GRKIRZ,S202307181207,Cash,3,Product A,EUR,3.45,3.45,0.0,0%,
generic.email@example.com,2023-07-30,13:46,Sales,T8JA8SQ40,S202330829608,Card,3,Product B,EUR,6.55,6.55,0.0,0%,
generic.email@example.com,2023-07-30,14:49,Sales,TC7ZECYUQ,S202360471306,Mobile,1,Product B,EUR,0.55,0.55,0.0,0%,
generic.email@example.com,2023-07-30,15:04,Sales,TJR5ZWVPM,S202388420811,Card,2,Product D,EUR,2.97,2.97,0.0,0%,
generic.email@example.com,2023-07-30,15:08,Sales,T3PUKLLBQ,S202385384877,Card,3,Product C,EUR,0.67,0.67,0.0,0%,
generic.email@example.com,2023-07-30,17:22,Sales,T75NOAWFM,S202308041775,Mobile,3,Product B,EUR,5.78,5.78,0.0,0%,
generic.email@example.com,2023-07-30,17:28,Sales,T754M2MA8,S202397171953,Cash,2,Product D,EUR,5.79,5.79,0.0,0%,
generic.email@example.com,2023-07-31,11:12,Sales,T72CALQ2R,S202369439250,Cash,3,Product C,EUR,1.82,1.82,0.0,0%,
generic.email@example.com,2023-07-31,11:13,Sales,THDCO6MBE,S202326482572,Cash,3,Product B,EUR,5.54,5.54,0.0,0%,
generic.email@example.com,2023-07-31,12:08,Sales,TG9AA8QYF,S202315045664,Card,2,Product B,EUR,6.94,6.94,0.0,0%,
generic.email@example.com,2023-07-31,12:12,Sales,T2A885M23,S202380162133,Cash,1,Product A,EUR,1.83,1.83,0.0,0%,
generic.email@example.com,2023-07-31,14:04,Sales,TC75Q46VT,S202314074599,Card,1,Product D,EUR,3.95,3.95,0.0,0%,
generic.email@example.com,2023-07-31,16:56,Sales,T9Z7C74BJ,S202310160013,Cash,3,Product B,EUR,0.69,0.69,0.0,0%,
generic.email@example.com,2023-07-31,18:14,Sales,TNN3TN1ZD,S202336112224,Cash,2,Product A,EUR,7.32,7.32,0.0,0%,
generic.email@example.com,2023-07-31,18:15,Sales,THYDAES3G,S202378391022,Mobile,2,Product B,EUR,8.64,8.64,0.0,0%,
generic.email@example.com,2023-07-31,19:51,Sales,TPOHCSU7Q,S202306081210,Card,1,Product B,EUR,6.29,6.29,0.0,0%,
generic.email@example.com,2023-08-01,11:08,Sales,TR8SXPP17,S202309871915,Mobile,3,Product B,EUR,2.22,2.22,0.0,0%,
generic.email@example.com,2023-08-01,11:30,Sales,TTF70ICBN,S202380961241,Card,1,Product A,EUR,8.38,8.38,0.0,0%,
generic.email@example.com,2023-08-01,11:31,Sales,TFRUWXARQ,S202301983014,Mobile,3,Product C,EUR,8.79,8.79,0.0,0%,
generic.email@example.com,2023-08-01,11:38,Sales,TRMZRZWOZ,S202368124910,Cash,3,Product D,EUR,1.49,1.49,0.0,0%,
generic.email@example.com,2023-08-01,11:45,Sales,TKDCLLXYC,S202354668205,Card,2,Product C,EUR,1.34,1.34,0.0,0%,
generic.email@example.com,2023-08-01,12:04,Sales,TGY9F9ROA,S202336505693,Mobile,2,Product D,EUR,6.68,6.68,0.0,0%,
generic.email@example.com,2023-08-01,12:50,Sales,T15BSXKMP,S202315129230,Cash,1,Product C,EUR,9.67,9.67,0.0,0%,
generic.email@example.com,2023-08-01,13:29,Sales,TTQKV23YJ,S202302658838,Cash,3,Product D,EUR,6.37,6.37,0.0,0%,
generic.email@example.com,2023-08-01,13:50,Sales,TL9UBM26T,S202378847821,Card,3,Product D,EUR,3.31,3.31,0.0,0%,
generic.email@example.com,2023-08-01,13:54,Sales,TM2JW2X6O,S202302446463,Card,1,Product B,EUR,8.78,8.78,0.0,0%,
generic.email@example.com,2023-08-01,14:44,Sales,TI167EMRM,S202344900419,Cash,1,Product D,EUR,6.62,6.62,0.0,0%,
generic.email@example.com,2023-08-01,14:47,Sales,TEIMKXYEW,S202355761083,Mobile,3,Product A,EUR,5.4,5.4,0.0,0%,
generic.email@example.com,2023-08-01,16:03,Sales,TG5S7A4K7,S202370031131,Cash,3,Product C,EUR,2.94,2.94,0.0,0%,
generic.email@example.com,2023-08-01,16:25,Sales,TWDV7T10E,S202374676751,Cash,3,Product C,EUR,9.38,9.38,0.0,0%,
generic.email@example.com,2023-08-01,16:58,Sales,TZT24S812,S202352168228,Card,3,Product C,EUR,3.43,3.43,0.0,0%,
generic.email@example.com,2023-08-01,17:22,Sales,TV4X0PWBP,S202316238942,Cash,2,Product C,EUR,5.78,5.78,0.0,0%,
generic.email@example.com,2023-08-01,17:31,Sales,TTEZKZK28,S202361874650,Cash,1,Product A,EUR,1.35,1.35,0.0,0%,
generic.email@example.com,2023-08-01,18:13,Sales,TUQWOR8BZ,S202311704159,Mobile,3,Product C,EUR,4.84,4.84,0.0,0%,
generic.email@example.com,2023-08-01,19:05,Sales,TJ579Y4ZO,S202378523015,Cash,2,Product D,EUR,8.69,8.69,0.0,0%,
generic.email@example.com,2023-08-01,19:48,Sales,TAM27KWXX,S202393510464,Card,2,Product C,EUR,4.48,4.48,0.0,0%,
generic.email@example.com,2023-08-02,12:48,Sales,TN6FGP5NS,S202379655666,Mobile,2,Product A,EUR,1.37,1.37,0.0,0%,
generic.email@example.com,2023-08-02,12:52,Sales,TC5OMZGTK,S202347322578,Card,2,Product C,EUR,9.91,9.91,0.0,0%,
generic.email@example.com,2023-08-02,13:40,Sales,TBAVFXK5H,S202305536416,Cash,3,Product A,EUR,7.92,7.92,0.0,0%,
generic.email@example.com,2023-08-02,14:39,Sales,TSAYHJPPO,S202370110271,Cash,3,Product D,EUR,1.46,1.46,0.0,0%,
generic.email@example.com,2023-08-02,16:06,Sales,TZJMEJD9L,S202355534127,Card,2,Product C,EUR,8.13,8.13,0.0,0%,
generic.email@example.com,2023-08-02,16:39,Sales,TWQN5CYU2,S202359364459,Cash,1,Product D,EUR,2.74,2.74,0.0,0%,
generic.email@example.com,2023-08-02,16:49,Sales,T35Z96P7B,S202321537111,Cash,1,Product D,EUR,9.52,9.52,0.0,0%,
generic.email@example.com,2023-08-02,17:01,Sales,TQQUDEJ1R,S202328631402,Cash,1,Product A,EUR,9.39,9.39,0.0,0%,
generic.email@example.com,2023-08-02,17:48,Sales,TUOHXG1ZL,S202357161854,Card,2,Product D,EUR,9.35,9.35,0.0,0%,
generic.email@example.com,2023-08-02,17:55,Sales,TKO7PJWHB,S202361726124,Cash,1,Product B,EUR,1.3,1.3,0.0,0%,
generic.email@example.com,2023-08-02,18:05,Sales,THYPYPR88,S202396483699,Card,2,Product D,EUR,3.86,3.86,0.0,0%,
generic.email@example.com,2023-08-02,18:09,Sales,TTKJ1MCGS,S202305578701,Card,2,Product D,EUR,5.59,5.59,0.0,0%,
generic.email@example.com,2023-08-02,18:15,Sales,TOCDNM05Y,S202327867038,Mobile,2,Product A,EUR,4.11,4.11,0.0,0%,
generic.email@example.com,2023-08-02,18:32,Sales,T2DLA2C7A,S202397514388,Cash,2,Product C,EUR,1.13,1.13,0.0,0%,
generic.email@example.com,2023-08-03,11:27,Sales,T5DZCW1TY,S202316144549,Cash,2,Product C,EUR,6.21,6.21,0.0,0%,
generic.email@example.com,2023-08-03,11:51,Sales,T29TRYUFS,S202304921044,Mobile,3,Product D,EUR,3.96,3.96,0.0,0%,
generic.email@example.com,2023-08-03,12:14,Sales,T9OSV7FPP,S202316980925,Mobile,2,Product A,EUR,9.94,9.94,0.0,0%,
generic.email@example.com,2023-08-03,12:54,Sales,T021F01FC,S202337173944,Cash,2,Product A,EUR,9.15,9.15,0.0,0%,
generic.email@example.com,2023-08-03,15:30,Sales,T2CG88OR6,S202319803172,Card,3,Product A,EUR,5.77,5.77,0.0,0%,
generic.email@example.com,2023-08-03,15:53,Sales,TCWES6TI8,S202318887855,Mobile,2,Product C,EUR,0.57,0.57,0.0,0%,
generic.email@example.com,2023-08-03,15:59,Sales,TM2NWMGYX,S202341459254,Mobile,1,Product C,EUR,1.02,1.02,0.0,0%,
generic.email@example.com,2023-08-03,16:03,Sales,TT78E7HTE,S202373713459,Cash,3,Product D,EUR,2.05,2.05,0.0,0%,
generic.email@example.com,2023-08-03,16:52,Sales,THNEI7T3D,S202348311114,Mobile,3,Product B,EUR,9.35,9.35,0.0,0%,
generic.email@example.com,2023-08-03,17:24,Sales,T60TBSDCU,S202396202905,Card,3,Product D,EUR,8.56,8.56,0.0,0%,
generic.email@example.com,2023-08-03,17:24,Sales,TAFUC2A4W,S202316619501,Mobile,2,Product C,EUR,9.02,9.02,0.0,0%,
generic.email@example.com,2023-08-03,19:07,Sales,TX78OOG4Q,S202304485558,Card,1,Product B,EUR,5.7,5.7,0.0,0%,
generic.email@example.com,2023-08-03,19:09,Sales,T8J4YZWXN,S202376446357,Cash,2,Product C,EUR,4.61,4.61,0.0,0%,
generic.email@example.com,2023-08-04,11:07,Sales,TIEGE0IBN,S202396426451,Mobile,3,Product C,EUR,7.02,7.02,0.0,0%,
generic.email@example.com,2023-08-04,12:26,Sales,TR1UKYE87,S202315304202,Cash,1,Product C,EUR,9.57,9.57,0.0,0%,
generic.email@example.com,2023-08-04,12:58,Sales,TQ1O00G5G,S202331647938,Mobile,3,Product D,EUR,2.66,2.66,0.0,0%,
generic.email@example.com,2023-08-04,13:16,Sales,T12LRSQZP,S202349493112,Mobile,2,Product A,EUR,2.93,2.93,0.0,0%,
generic.email@example.com,2023-08-04,13:27,Sales,T13K0V2C1,S202349014073,Card,3,Product D,EUR,4.27,4.27,0.0,0%,
generic.email@example.com,2023-08-04,14:24,Sales,T3BI1N6M4,S202356559469,Mobile,3,Product A,EUR,4.99,4.99,0.0,0%,
generic.email@example.com,2023-08-04,15:16,Sales,TLAMDXT0T,S202348362553,Cash,2,Product D,EUR,2.75,2.75,0.0,0%,
generic.email@example.com,2023-08-04,15:34,Sales,TFVFLS5YF,S202320222316,Cash,2,Product A,EUR,6.56,6.56,0.0,0%,
generic.email@example.com,2023-08-04,15:56,Sales,T38V4VSCR,S202303541466,Cash,2,Product A,EUR,3.95,3.95,0.0,0%,
generic.email@example.com,2023-08-04,16:32,Sales,T45GVHX9H,S202306472742,Card,3,Product B,EUR,1.36,1.36,0.0,0%,
generic.email@example.com,2023-08-04,18:54,Sales,TE7SGO5M9,S202376622841,Cash,2,Product C,EUR,3.61,3.61,0.0,0%,
generic.email@example.com,2023-08-04,19:51,Sales,TQXED4JSF,S202377647569,Mobile,2,Product A,EUR,2.35,2.35,0.0,0%,
generic.email@example.com,2023-08-05,12:07,Sales,TPBTNIKMG,S202324591474,Card,2,Product A,EUR,8.59,8.59,0.0,0%,
generic.email@example.com,2023-08-05,12:32,Sales,T9RU918ET,S202342332317,Cash,3,Product B,EUR,7.61,7.61,0.0,0%,
generic.email@example.com,2023-08-05,12:49,Sales,TBDW69T90,S202354890117,Mobile,2,Product D,EUR,1.43,1.43,0.0,0%,
generic.email@example.com,2023-08-05,12:55,Sales,TGST9UOJK,S202380052772,Cash,3,Product D,EUR,1.15,1.15,0.0,0%,
generic.email@example.com,2023-08-05,13:11,Sales,TM1UCVE8Q,S202393402439,Cash,1,Product B,EUR,9.44,9.44,0.0,0%,
generic.email@example.com,2023-08-05,14:24,Sales,TQ6MPPQK4,S202363487599,Cash,2,Product D,EUR,4.16,4.16,0.0,0%,
generic.email@example.com,2023-08-05,14:40,Sales,TX325IEC0,S202323927030,Card,2,Product A,EUR,3.05,3.05,0.0,0%,
generic.email@example.com,2023-08-05,14:42,Sales,T69NWHQM7,S202344886970,Cash,3,Product D,EUR,9.47,9.47,0.0,0%,
generic.email@example.com,2023-08-05,14:58,Sales,TE0GK2EVX,S202357482408,Cash,2,Product B,EUR,2.54,2.54,0.0,0%,
generic.email@example.com,2023-08-05,15:15,Sales,TD0RCXB28,S202355591221,Cash,2,Product B,EUR,7.72,7.72,0.0,0%,
generic.email@example.com,2023-08-05,16:30,Sales,TLFJXD3I4,S202390372045,Card,3,Product A,EUR,0.7,0.7,0.0,0%,
generic.email@example.com,2023-08-05,18:00,Sales,TFY4TZ0W0,S202383893342,Card,2,Product D,EUR,3.81,3.81,0.0,0%,
generic.email@example.com,2023-08-05,18:00,Sales,TCVDXW9RQ,S202300088493,Card,3,Product D,EUR,1.72,1.72,0.0,0%,
generic.email@example.com,2023-08-05,19:08,Sales,TQVHVX89O,S202345378814,Cash,1,Product C,EUR,4.2,4.2,0.0,0%,
generic.email@example.com,2023-08-05,19:16,Sales,TGAKVFBMP,S202376862571,Cash,2,Product C,EUR,2.54,2.54,0.0,0%,
generic.email@example.com,2023-08-05,19:42,Sales,T6G73IOFL,S202394768350,Card,2,Product D,EUR,0.55,0.55,0.0,0%,
generic.email@example.com,2023-08-06,11:11,Sales,TZ7D8NS7V,S202380417738,Mobile,3,Product C,EUR,9.69,9.69,0.0,0%,
generic.email@example.com,2023-08-06,11:17,Sales,TDITLC769,S202330303987,Card,1,Product B,EUR,6.17,6.17,0.0,0%,
generic.email@example.com,2023-08-06,11:49,Sales,TI8FIT9LB,S202399532770,Card,3,Product D,EUR,6.02,6.02,0.0,0%,
generic.email@example.com,2023-08-06,13:26,Sales,T5WZQHPEY,S202380856212,Card,2,Product D,EUR,8.56,8.56,0.0,0%,
generic.email@example.com,2023-08-06,13:51,Sales,TRNR2JWPN,S202386615092,Mobile,1,Product A,EUR,4.27,4.27,0.0,0%,
generic.email@example.com,2023-08-06,13:51,Sales,TQN3X7D10,S202339627714,Cash,3,Product D,EUR,6.41,6.41,0.0,0%,
generic.email@example.com,2023-08-06,14:30,Sales,T3W7SYRJ1,S202341158762,Cash,2,Product A,EUR,2.44,2.44,0.0,0%,
generic.email@example.com,2023-08-06,14:40,Sales,T9O3CMFOQ,S202334170533,Cash,1,Product B,EUR,4.09,4.09,0.0,0%,
generic.email@example.com,2023-08-06,15:44,Sales,TMUX0TJGO,S202318904143,Card,1,Product B,EUR,1.24,1.24,0.0,0%,
generic.email@example.com,2023-08-06,15:59,Sales,T11I48WPD,S202389706410,Mobile,2,Product D,EUR,9.23,9.23,0.0,0%,
generic.email@example.com,2023-08-06,17:04,Sales,TSUOXN0V7,S202391632211,Card,1,Product D,EUR,8.38,8.38,0.0,0%,
generic.email@example.com,2023-08-06,17:23,Sales,TW42XJF6R,S202352920901,Mobile,3,Product A,EUR,3.88,3.88,0.0,0%,
generic.email@example.com,2023-08-06,17:23,Sales,T2T5NW33V,S202362984968,Card,3,Product A,EUR,4.53,4.53,0.0,0%,
generic.email@example.com,2023-08-06,17:24,Sales,TPXS9VO6Z,S202305205898,Cash,3,Product A,EUR,7.8,7.8,0.0,0%,
generic.email@example.com,2023-08-06,17:59,Sales,TNJX1UJ2B,S202312733755,Mobile,1,Product B,EUR,5.76,5.76,0.0,0%,
generic.email@example.com,2023-08-06,18:53,Sales,TBY5YYKFL,S202354462075,Cash,1,Product B,EUR,1.07,1.07,0.0,0%,
generic.email@example.com,2023-08-06,18:55,Sales,TTQ6O19RS,S202399015320,Cash,2,Product C,EUR,1.77,1.77,0.0,0%,
generic.email@example.com,2023-08-06,19:14,Sales,T0Y1G8RIV,S202332425973,Mobile,2,Product B,EUR,8.24,8.24,0.0,0%,
generic.email@example.com,2023-08-07,11:09,Sales,T93OSUMPJ,S202333110882,Card,2,Product B,EUR,4.16,4.16,0.0,0%,
generic.email@example.com,2023-08-07,11:31,Sales,TYUP7F4KZ,S202336925000,Mobile,1,Product D,EUR,5.9,5.9,0.0,0%,
generic.email@example.com,2023-08-07,11:31,Sales,TRIGOW9AV,S202307357359,Card,1,Product A,EUR,4.28,4.28,0.0,0%,
generic.email@example.com,2023-08-07,12:18,Sales,T6VRCJGYF,S202315440182,Cash,2,Product C,EUR,3.88,3.88,0.0,0%,
generic.email@example.com,2023-08-07,13:01,Sales,T4PWEE15I,S202311033763,Card,2,Product B,EUR,7.56,7.56,0.0,0%,
generic.email@example.com,2023-08-07,13:03,Sales,TZDGE6HOF,S202368577233,Mobile,1,Product D,EUR,2.11,2.11,0.0,0%,
generic.email@example.com,2023-08-07,13:19,Sales,TFMQVWFDR,S202357867476,Cash,1,Product B,EUR,6.87,6.87,0.0,0%,
generic.email@example.com,2023-08-07,13:29,Sales,T6J31CBH0,S202346093055,Card,3,Product C,EUR,7.36,7.36,0.0,0%,
generic.email@example.com,2023-08-07,13:30,Sales,T3V46HA1U,S202304132958,Cash,2,Product C,EUR,4.59,4.59,0.0,0%,
generic.email@example.com,2023-08-07,14:16,Sales,TBI0FL99X,S202316848372,Card,1,Product B,EUR,9.44,9.44,0.0,0%,
generic.email@example.com,2023-08-07,14:56,Sales,TN7QT0612,S202397473430,Cash,1,Product B,EUR,9.03,9.03,0.0,0%,
generic.email@example.com,2023-08-07,16:12,Sales,TM51Z09Z4,S202327949852,Mobile,1,Product C,EUR,8.05,8.05,0.0,0%,
generic.email@example.com,2023-08-07,16:22,Sales,TBPGRIWVK,S202344823530,Cash,3,Product D,EUR,3.52,3.52,0.0,0%,
generic.email@example.com,2023-08-07,18:11,Sales,TQBLPJ8DV,S202320399524,Mobile,2,Product B,EUR,5.24,5.24,0.0,0%,
generic.email@example.com,2023-08-07,18:19,Sales,TE0DNE9Z0,S202306949275,Mobile,1,Product D,EUR,2.35,2.35,0.0,0%,
generic.email@example.com,2023-08-07,18:23,Sales,TYFF5JCCM,S202342842432,Card,1,Product C,EUR,4.41,4.41,0.0,0%,
generic.email@example.com,2023-08-07,19:34,Sales,T3HDD09CS,S202319206608,Cash,3,Product B,EUR,4.08,4.08,0.0,0%,
generic.email@example.com,2023-08-08,11:40,Sales,TL85ECNOI,S202329834186,Card,1,Product B,EUR,1.21,1.21,0.0,0%,
generic.email@example.com,2023-08-08,11:54,Sales,T7BK6VYAH,S202347784661,Cash,2,Product B,EUR,5.22,5.22,0.0,0%,
generic.email@example.com,2023-08-08,12:07,Sales,TNRVQJMST,S202398564262,Cash,2,Product A,EUR,5.07,5.07,0.0,0%,
generic.email@example.com,2023-08-08,12:24,Sales,TA8BPURVH,S202316652838,Mobile,1,Product B,EUR,1.52,1.52,0.0,0%,
generic.email@example.com,2023-08-08,13:02,Sales,TRBN5ZIWG,S202389261855,Mobile,3,Product C,EUR,5.25,5.25,0.0,0%,
generic.email@example.com,2023-08-08,13:11,Sales,TRFAYTTMP,S202342427491,Mobile,3,Product A,EUR,3.13,3.13,0.0,0%,
generic.email@example.com,2023-08-08,14:01,Sales,TA5JQAE9A,S202364314001,Cash,3,Product C,EUR,8.67,8.67,0.0,0%,
generic.email@example.com,2023-08-08,14:45,Sales,TBV6KN5MP,S202321135489,Cash,3,Product B,EUR,9.23,9.23,0.0,0%,
generic.email@example.com,2023-08-08,16:28,Sales,T4I0UVX4U,S202381548861,Cash,2,Product D,EUR,5.12,5.12,0.0,0%,
generic.email@example.com,2023-08-08,16:54,Sales,TZ9F0AF1C,S202323335071,Card,1,Product C,EUR,3.93,3.93,0.0,0%,
generic.email@example.com,2023-08-08,17:28,Sales,T1SOJTA1X,S202396644956,Mobile,3,Product D,EUR,6.45,6.45,0.0,0%,
generic.email@example.com,2023-08-08,18:17,Sales,T7PDHR67O,S202358117419,Mobile,1,Product B,EUR,2.22,2.22,0.0,0%,
generic.email@example.com,2023-08-08,18:59,Sales,TEVAUJ0Z0,S202394153892,Card,3,Product A,EUR,5.71,5.71,0.0,0%,
generic.email@example.com,2023-08-09,11:21,Sales,TGNRFYIS4,S202337556635,Card,3,Product A,EUR,8.92,8.92,0.0,0%,
generic.email@example.com,2023-08-09,11:28,Sales,TZCIKURXY,S202321038084,Mobile,1,Product D,EUR,5.51,5.51,0.0,0%,
generic.email@example.com,2023-08-09,11:35,Sales,T3NYQSLYI,S202322016769,Cash,2,Product C,EUR,2.5,2.5,0.0,0%,
generic.email@example.com,2023-08-09,13:18,Sales,TWF8OANMC,S202399156776,Card,3,Product C,EUR,8.36,8.36,0.0,0%,
generic.email@example.com,2023-08-09,15:50,Sales,TJI6FTNQK,S202300939025,Cash,1,Product A,EUR,5.5,5.5,0.0,0%,
generic.email@example.com,2023-08-09,17:52,Sales,TXU9HN515,S202360946345,Cash,2,Product C,EUR,5.94,5.94,0.0,0%,
generic.email@example.com,2023-08-09,18:05,Sales,T7IQ3ZWBC,S202301506608,Mobile,2,Product C,EUR,1.24,1.24,0.0,0%,
generic.email@example.com,2023-08-09,18:14,Sales,T9WF9JBR2,S202349671054,Cash,2,Product B,EUR,1.49,1.49,0.0,0%,
generic.email@example.com,2023-08-09,18:42,Sales,TWB5PWE82,S202397455532,Card,1,Product B,EUR,7.89,7.89,0.0,0%,
generic.email@example.com,2023-08-09,18:58,Sales,TE5ZSO0M0,S202369184323,Mobile,3,Product A,EUR,4.71,4.71,0.0,0%,
generic.email@example.com,2023-08-09,19:34,Sales,TYG5DCUHO,S202331467790,Card,1,Product D,EUR,0.82,0.82,0.0,0%,
generic.email@example.com,2023-08-10,11:30,Sales,T4C8KFFDT,S202351040181,Mobile,1,Product B,EUR,3.3,3.3,0.0,0%,
generic.email@example.com,2023-08-10,12:44,Sales,TMMTT5PIK,S202397971409,Card,2,Product C,EUR,2.37,2.37,0.0,0%,
generic.email@example.com,2023-08-10,13:23,Sales,T7C61SE5E,S202386975409,Card,2,Product C,EUR,2.52,2.52,0.0,0%,
generic.email@example.com,2023-08-10,14:05,Sales,TRDQQY2LU,S202392810953,Cash,1,Product C,EUR,1.7,1.7,0.0,0%,
generic.email@example.com,2023-08-10,14:46,Sales,TR1W27T3Q,S202311296411,Mobile,1,Product C,EUR,0.86,0.86,0.0,0%,
generic.email@example.com,2023-08-10,15:14,Sales,TPWH995X9,S202363664981,Card,3,Product B,EUR,5.49,5.49,0.0,0%,
generic.email@example.com,2023-08-10,15:49,Sales,TUP3N6B85,S202398591291,Mobile,3,Product D,EUR,7.79,7.79,0.0,0%,
generic.email@example.com,2023-08-10,16:41,Sales,T4S2WXP04,S202379056846,Cash,2,Product C,EUR,1.45,1.45,0.0,0%,
generic.email@example.com,2023-08-10,17:30,Sales,T3RH1R493,S202331073744,Cash,2,Product B,EUR,4.51,4.51,0.0,0%,
generic.email@example.com,2023-08-10,18:17,Sales,TILW4SXIC,S202352918817,Cash,2,Product D,EUR,4.14,4.14,0.0,0%,
generic.email@example.com,2023-08-10,19:21,Sales,T4RYTE4S6,S202354903019,Card,3,Product A,EUR,5.86,5.86,0.0,0%,
generic.email@example.com,2023-08-10,19:23,Sales,T20PH9L1A,S202324887075,Mobile,2,Product B,EUR,1.34,1.34,0.0,0%,
generic.email@example.com,2023-08-11,11:06,Sales,T2KFK4ZNW,S202384510824,Card,3,Product D,EUR,5.07,5.07,0.0,0%,
generic.email@example.com,2023-08-11,12:19,Sales,TPR8GE7E7,S202392546736,Cash,1,Product D,EUR,7.0,7.0,0.0,0%,
generic.email@example.com,2023-08-11,14:05,Sales,TUH22HR2P,S202384115403,Card,2,Product A,EUR,5.21,5.21,0.0,0%,
generic.email@example.com,2023-08-11,14:29,Sales,T6T9A3JZH,S202340605582,Cash,1,Product B,EUR,9.72,9.72,0.0,0%,
generic.email@example.com,2023-08-11,14:54,Sales,TGK6A2D20,S202389058314,Mobile,2,Product A,EUR,7.38,7.38,0.0,0%,
generic.email@example.com,2023-08-11,15:45,Sales,TN5634YR0,S202389627209,Card,3,Product B,EUR,1.81,1.81,0.0,0%,
generic.email@example.com,2023-08-11,16:05,Sales,TYLPEKYQO,S202397738196,Card,1,Product C,EUR,4.6,4.6,0.0,0%,
generic.email@example.com,2023-08-11,16:55,Sales,TTFQLHUUI,S202331762522,Mobile,1,Product B,EUR,7.48,7.48,0.0,0%,
generic.email@example.com,2023-08-11,16:56,Sales,TATD03VYD,S202346742511,Card,3,Product D,EUR,5.66,5.66,0.0,0%,
generic.email@example.com,2023-08-11,17:11,Sales,T19BUXFA5,S202381233535,Cash,3,Product C,EUR,4.62,4.62,0.0,0%,
generic.email@example.com,2023-08-11,17:39,Sales,TZWATYF1X,S202357774324,Cash,2,Product C,EUR,7.7,7.7,0.0,0%,
generic.email@example.com,2023-08-11,17:44,Sales,TD0KQNRNP,S202366646655,Mobile,3,Product B,EUR,1.46,1.46,0.0,0%,
generic.email@example.com,2023-08-11,17:50,Sales,T1R16FOP6,S202388435290,Cash,2,Product C,EUR,2.52,2.52,0.0,0%,
generic.email@example.com,2023-08-11,18:56,Sales,TWCNKGNZ8,S202343916046,Mobile,2,Product C,EUR,1.13,1.13,0.0,0%,
generic.email@example.com,2023-08-11,19:23,Sales,TLT3U2EEP,S202311629021,Cash,2,Product D,EUR,3.99,3.99,0.0,0%,
generic.email@example.com,2023-08-11,19:31,Sales,TYEM1K4L0,S202303152766,Mobile,1,Product A,EUR,6.82,6.82,0.0,0%,
generic.email@example.com,2023-08-11,19:53,Sales,T9Z41J21V,S202340394937,Mobile,1,Product B,EUR,4.07,4.07,0.0,0%,
generic.email@example.com,2023-08-12,11:04,Sales,T5YJ8RJ6X,S202310593965,Card,1,Product B,EUR,6.2,6.2,0.0,0%,
generic.email@example.com,2023-08-12,11:28,Sales,T4FVLM16J,S202391788626,Mobile,2,Product A,EUR,1.13,1.13,0.0,0%,
generic.email@example.com,2023-08-12,11:58,Sales,T447GJ706,S202397574663,Card,3,Product C,EUR,4.86,4.86,0.0,0%,
generic.email@example.com,2023-08-12,14:10,Sales,TLQF9H1FD,S202325199574,Cash,1,Product B,EUR,8.82,8.82,0.0,0%,
generic.email@example.com,2023-08-12,14:32,Sales,TG37TIHUA,S202318804503,Card,3,Product A,EUR,9.88,9.88,0.0,0%,
generic.email@example.com,2023-08-12,14:53,Sales,TTXDSES7R,S202301515552,Cash,2,Product B,EUR,8.24,8.24,0.0,0%,
generic.email@example.com,2023-08-12,14:53,Sales,TYTHXJKHU,S202347600203,Mobile,3,Product B,EUR,1.36,1.36,0.0,0%,
generic.email@example.com,2023-08-12,14:56,Sales,TXEGB7SBG,S202336476137,Cash,1,Product C,EUR,9.59,9.59,0.0,0%,
generic.email@example.com,2023-08-12,15:41,Sales,TIDMCXLJ9,S202353311076,Card,3,Product C,EUR,6.25,6.25,0.0,0%,
generic.email@example.com,2023-08-12,16:03,Sales,TLX3TC4GX,S202314071159,Card,1,Product A,EUR,2.47,2.47,0.0,0%,
generic.email@example.com,2023-08-12,16:37,Sales,TLWM9NWLV,S202359208355,Cash,1,Product B,EUR,9.11,9.11,0.0,0%,
generic.email@example.com,2023-08-12,17:04,Sales,TB2I9FYPC,S202377443996,Cash,1,Product B,EUR,7.05,7.05,0.0,0%,
generic.email@example.com,2023-08-13,11:55,Sales,TRUEDEAL5,S202331889771,Cash,2,Product C,EUR,9.39,9.43,0.0,0%,
generic.email@example.com,2023-08-13,17:24,Sales,TP8QXD903,S202352567384,Cash,1,Product C,EUR,5.37,2.16,0.0,0%,
generic.email@example.com,2023-08-13,17:42,Sales,TSRS0Q9NO,S202321246893,Cash,3,Product D,EUR,8.51,8.38,0.0,0%,
generic.email@example.com,2023-08-13,18:48,Sales,TXHSPM0BQ,S202354734085,Cash,3,Product C,EUR,6.14,9.0,0.0,0%,
